id,name,publishTime
533856232,Love The Way You Lie,2011-06-14 00:00:00
539666331,いつも何度でも (千と千寻の神隠し),2006-06-20 00:00:00.007000
524170110,MAKE LOVE,2011-05-25 00:00:00
472255465,Shape Of You (Galantis Remix),2017-02-10 00:00:00
25832725,Sinfonie Nr. 7 in A:II. Allegretto,1997-01-01 00:00:00.004000
37003659,女孩,2003-02-01 00:00:00
1304978177,Lights,2013-08-16 00:00:00.007000
531374805,1월부터 6월까지 (우아한 석고부인),2015-05-31 00:00:00.007000
523665884,Strongest (Alan Walker Remix),2017-11-24 00:00:00.007000
554432808,趁早(2005版),2005-03-01 00:00:00
480377857,Memories Ringing（韩语）,2017-05-25 04:19:23.741000
563158363,Never,2009-01-09 00:00:00.007000
445104978,三轮车,2014-01-01 00:00:00.004000
496435139,那些花儿,1999-01-01 00:00:00
467606333,山楂树,2009-09-24 00:00:00.007000
567037290,Gonna Make You Sweat,2015-09-11 00:00:00.007000
33178861,Picture To Burn,2008-10-13 00:00:00
39027231,咱们的领袖毛泽东,1997-09-01 00:00:00
543944174,Steady Expansion (Original Mix),2015-02-27 00:00:00.007000
1337676661,La Ciega,2016-12-01 00:00:00.007000
426787438,浪子心声,1980-10-02 00:00:00
510185719,Talking to Myself,2016-04-06 14:14:21.635000
409123093,我以为,2014-12-16 00:00:00.007000
554767151,梦蝶,2005-01-13 00:00:00
1293862769,【Moonlight】恋爱街道,2017-03-13 21:53:26.472000
554930512,Look Again,2003-03-11 00:00:00.007000
451604484,小龙人之歌,2014-04-02 00:00:00.007000
473271965,Concerto grosso in B flat Op.6 No.11:5. Sarabanda: Largo,1988-01-01 00:00:00.007000
1352208652,清心普善咒,1998-04-01 00:00:00
400470528,Be Here,2014-10-29 00:00:00.007000
407066933,爱引力,2009-03-27 00:00:00
550727788,Psycho (Pt. 2),2016-11-09 00:00:00.007000
538540653,大鱼,2016-05-19 23:57:36.232000
1338678721,Evening Shadow,2017-01-19 00:00:00.007000
30031735,軍隊物が欲しいっていうから…。,2000-01-01 00:00:00.007000
407788170,看见什么吃什么,2012-10-03 00:00:00.007000
537609002,Conformação,1962-03-01 00:00:00.093000
549202024,How Deep Is Your Love (Kayzo Harder Mix),2015-10-08 00:00:00.007000
516097111,众山围绕耶路撒冷,2011-12-20 00:00:00
1306357310,Bounce the World,2017-06-26 00:00:00.007000
550950008,All About U,2011-11-28 00:00:00
567356218,"Barbara, Komm' Mit Nach Afrika",2007-02-16 00:00:00.007000
417969118,我们说好的,2007-08-01 00:00:00
402771302,千山万水,2008-05-02 00:00:00
547168616,Si Supieras,2017-09-02 00:00:00.007000
472463172, Get Away,2014-10-23 00:00:00.007000
420620324,SMILY,2005-05-11 00:00:00
439824918,岁晚,2014-07-14 00:00:00
403097005,故事细腻,2011-12-30 00:00:00
473295289,(Tanto)3/Falla Girare (Medley Live N.Y.),2009-12-01 00:00:00.007000
455378414,The Fault in Our Stars,2013-05-05 00:00:00
554211516,New England Spring,1996-09-01 00:00:00.007000
472250858,Sketch (Chinese Ver.),2016-03-17 00:00:00.007000
447066612,世界末日的某个角落,2008-01-01 00:00:00.004000
417638007,Everything N'Nothing,2008-01-25 00:00:00.007000
419009114,The Great Sea,2013-10-01 00:00:00.006000
540975966,Ricordati Ragazzo,2012-10-01 00:00:00.007000
422046145,执链,2014-01-01 00:00:00.004000
453330674,标本似的心,1990-06-01 00:00:00
1315327768,我值得,2014-12-30 00:00:00.007000
560447211,"The Nutcracker, Op. 71, Act I, Scene 1: No. 1 The Christmas Tree",2014-12-26 00:00:00.007000
559052812,Little Girl,2012-12-14 00:00:00.007000
500329350,cket,2014-10-22 00:00:00.007000
405220720,ペテン师が笑う顷に,2010-07-21 00:00:00
1359651447,Ch. 3 (Reality Skit),2016-10-14 00:00:00
1299226441,It's Just Another New Year's Eve,2014-10-15 00:00:00.007000
511432087,心愿,2009-11-23 00:00:00
445516179,李白,2013-09-17 00:00:00.007000
498654269,谢谢 (Live),2016-09-15 00:00:00.007000
540936720,Do It Again,2014-05-26 00:00:00.007000
552405434,Short Funny Accent Played on Grand Piano,2014-11-07 00:00:00.007000
38685145,残酷な天使のテーゼ,2012-03-07 00:00:00.007000
1296405507,Bad Liar,2017-06-20 00:00:00
1315616953,炉心融解,2014-01-01 00:00:00.004000
476751179,"Russia, 1942",2005-09-06 00:00:00.007000
533947627,西海情歌,2006-09-01 00:00:00
496798379,BITE,2015-12-04 00:00:00.007000
573142147,Wonderland,2003-12-23 00:00:00.007000
414293529,月夜のテーマ(2007 Version),2007-12-05 00:00:00
403768537,Nocturnes: No. 5 in F sharp Op. 15 No.2,2010-03-15 00:00:00
1357517040,Gook,2016-04-14 02:14:34.861000
459631829,"Coriolan Overture, Op. 62",1990-10-25 00:00:00.007000
405138641,ショートバケーション,2013-10-30 00:00:00.007000
496114782,大梦,2016-07-26 00:00:00.007000
1342352884,不好听,2010-12-24 00:00:00
416546479,Die In Your Arms,2012-06-05 00:00:00
499462406,6.4“阳气者闭塞”,2017-08-18 00:30:49.595000
1328716897,I Dreamed A Dream,2013-03-19 00:00:00
561117823,"Haway Cinco Cero (De ""Hawaii Five-0"")",2013-10-17 00:00:00.007000
426285534,S.E.X,2014-01-01 00:00:00.004000
1351727812,Reciprocity (Original Mix),2014-03-04 00:00:00.007000
559333631,变色龙,2007-10-18 00:00:00
479897917,往事欲如何(Live),2005-12-01 00:00:00
468566588,我不要被你记住,2012-12-18 00:00:00.007000
540000973,无忌,2001-01-01 00:00:00.004000
544872480,让我靠近你,2016-10-19 21:35:17.455000
479156122,1-41,2017-05-18 00:33:31.503000
497864311,一了百了,2000-05-01 00:00:00
412665611,着任,2015-03-25 00:00:00.007000
406035164,コンプリケイション (TV SIZE OPENING VER.),2010-06-02 00:00:00.007000
568481321,七百年后(Live) - live,2010-06-28 00:00:00
1327269898,旧情绵绵,1993-07-01 00:00:00
539041072,Blue and Sentimental,2010-10-27 00:00:00.007000
522761132,Dub I Dub,2010-01-14 00:00:00.007000
450834114,第一课,2016-08-25 00:00:00.007000
565556886,Serviana,2017-01-05 00:00:00.007000
431985117,Fly to the stars,2012-11-21 00:00:00.007000
1331413189,我在东北玩泥巴,2014-01-01 00:00:00.004000
443191514,Suda,2015-03-23 00:00:00.007000
525615093,Harlem,2014-09-08 00:00:00.007000
511723977,Seve (Radio Edit),2015-11-11 15:09:48.737000
26702409,Think About The Way 2013,2013-07-09 00:00:00.007000
542205876,Surrender The Throne (Original Mix),2016-05-20 00:09:37.292000
405381565,我知道你都知道,2012-07-17 00:00:00
1336158482,前尘如梦,2013-01-01 00:00:00.004000
475453261,The Judgement Day,2008-01-01 00:00:00.007000
481790387,20170603 | 055-056 International - America’s foreign policy,2017-06-02 07:39:59.180000
1375342831,Fuego (Club Mix),2017-02-13 00:00:00.007000
436042762,Better In Time,2009-07-14 00:00:00.007000
467208055,Jejune,2017-03-21 15:03:39.533000
440369556,梦と叶桜,2014-01-01 00:00:00.004000
411641226,深奥的幸福,2010-04-26 00:00:00
523356913,当妮走了（Cover：徐真真）,2017-02-04 00:40:01.880000
1334111312,La Voz de la Madre Naturaleza,2017-02-16 00:00:00.007000
510749317,甜心,2016-08-05 00:00:00.007000
1310161450,咕叽咕叽,2007-03-22 00:00:00.007000
427900180,Coming Home,2011-01-01 00:00:00.004000
1324851875,In Cold Blood,2017-03-30 00:00:00.007000
451785356,Medley: 零时十分+午夜情+仍然记得个一次+无情者有情人+明日话今天+随想曲+梦伴(Live) - live,2002-06-01 00:00:00
445535491,"心乱如麻, My Cookie Can",2012-08-17 00:00:00.007000
433774967,因为爱所以爱,2001-03-01 00:00:00
412429774,炼金术,2010-10-05 00:00:00
407749050,Humoresque,2009-11-06 00:00:00.007000
499519227,爸爸妈妈,2005-06-01 00:00:00
500210361,白い犬と踊る夜,2009-11-18 00:00:00
1318000208,"Twinkle, Twinkle, Little Star",2005-09-20 00:00:00.007000
469014653,Aya Yippie Hippie Yee,2014-04-14 00:00:00.007000
554138606,Laisse faire la comédie,2017-01-16 00:00:00.007000
551039845,Dare Me (Stupidisco) [127 BPM],2015-12-17 00:00:00.007000
522584645,1hundredknight:M,2015-07-15 00:00:00
565445958,Touch the Hem of His Garment,2015-10-20 00:00:00.007000
1315876246,Freeze Dance,2014-09-10 00:00:00.007000
448253204,"Crynet, Shoot Him Down!",2011-03-26 00:00:00.007000
523928095,heigen,2011-03-30 00:00:00
515301109,Anywhere,2017-10-20 08:00:00
565343881,Vous seul,2013-10-10 00:00:00.007000
443728861,Direct Action,1999-05-18 00:00:00.007000
492918780,The World,2011-07-25 00:00:00
497207319,Go Flex,2016-04-22 00:00:00.007000
467146988,قاراپ تۇر,2016-12-05 17:25:41.889000
1341386605,雅俗共赏,2016-07-21 10:55:14.395000
449576102,爱情转移,2007-04-24 00:00:00
462446969,初恋未满,2013-06-06 00:00:00.007000
400564265,Dear Boy (Avicii by Avicii),2014-03-21 00:00:00.007000
1660409,Don't Trust 'Em (Skit),2008-11-04 00:00:00.007000
488639472,Henim Kizchak - خېنىم قىزچاق,2016-08-11 17:11:50.818000
518275226,My Name Is,1999-03-18 00:00:00
436488484,Изюм,2016-03-14 15:05:53.795000
539560125,异人,2016-07-08 00:00:00.007000
467194974,微笑みのマリア,2006-01-26 00:00:00
1369417427,eau,2014-10-15 00:00:00.007000
464232988,3EM13_Guitar_ForQ,2013-04-23 00:00:00.007000
31498143,多少,2009-09-23 00:00:00
515306584,Sweetest Thing,2017-02-10 00:00:00.007000
450134603,幼稚园,2005-12-01 00:00:00
465874102,"Tapiola, Op. 112",2007-12-28 00:00:00.007000
434914093,月出,2016-04-16 10:07:27.910000
35331185,Without a Song,2015-08-21 00:00:00.007000
520535669,嘴炮满级狄仁杰,2014-01-01 00:00:00.004000
426762567,言えないこと以外のこと,2013-03-06 00:00:00.007000
454235293,孤独な巡礼,2006-06-28 00:00:00
522822637,Be There (VICE CITY Remix),2017-08-07 00:00:00.007000
431819731,Mission Impossible,2013-05-07 00:00:00.007000
533705971,Change,2008-11-11 00:00:00.007000
430052423,良心的力量,2004-12-14 00:00:00
1294711798,重复犯错,2006-08-25 00:00:00.007000
423001536,Desabafo / Deixa Eu Dizer,2011-04-25 00:00:00.007000
502198281,牵丝戏,2015-01-27 00:00:00.007000
520115656,ストラップ,2010-11-24 00:00:00.007000
519613967,Ruang Tee Mai Job,2007-03-13 00:00:00
1353863849,할리데이,2016-03-16 10:27:58.246000
509016775,Love Yourself (OutaMatic Remix),2016-03-09 17:30:24.130000
488603420,바람이 부네요,2012-03-19 00:00:00.007000
486886086,Linkin Park - Battle Symphony (Mike Zhou Mix No.2),2017-03-17 11:42:14.493000
446032332,Crush,2016-05-19 23:20:28.092000
1341096214,长相忆,2016-07-22 23:58:01
402933842,Oh my sugar-砂糖のような雪-~ときどきシュガー,2003-12-29 00:00:00
562983977,"Piano Concerto in A Minor, Op. 16: II. Adagio",2015-09-18 00:00:00.007000
467754438,Careless Whisper,2012-02-01 00:00:00
526997332,偏爱,2009-06-18 00:00:00
1350926985,Amaranth,2007-09-28 00:00:00
542382238,STYX HELIX,2016-05-25 00:00:00
495994041,A ciascuno il suo: Titoli,2011-01-01 00:00:00.007000
561992019,En Busca de Dulcinea,2006-06-05 00:00:00.007000
495002934,天使,2006-12-01 00:00:00
1297945956,大好きなのに TV size,2013-02-13 00:00:00.007000
492469810,我们都被忘了,2017-07-22 22:17:28.466000
428365869,【剑三神曲】神马剑三,2016-08-31 13:54:18.303000
499433883,大暑,2016-10-23 14:48:23.487000
26726551,"Baby, Oh Where Can You Be? [take 1]",2013-06-25 00:00:00.007000
510904117,The Story Never Ends (Piano Version),2016-10-20 00:00:00.007000
516607216,Beautiful Stranger,2014-07-23 00:00:00.007000
1340920800,公主的婚礼,2017-04-12 00:00:00.007000
518259793,Luv Again (中文版),2015-04-24 00:00:00.007000
451536198,Mr. Sandman,2009-01-01 00:00:00.007000
536180476,爱拼才会赢(闽),2004-01-21 00:00:00
513202378,LET ME SEE YOUR HANDS,2017-02-16 02:08:24.999000
405105942,你究竟有几个好妹妹,1993-02-01 00:00:00
502924767,1-800-273-8255,2017-04-28 00:00:00.007000
434078411,你好吗,2011-11-11 00:00:00
408011195,情歌,2010-10-11 00:00:00
564946564,Aus dem Film ICH BIN KEIN CASANOVA: Espresso Cafe,2014-12-13 00:00:00.007000
504275138,【钢琴】石楠小札（Cover 贰婶）,2017-07-09 19:34:25.559000
498157562,Leave Out All The Rest (Album Version),2010-09-28 00:00:00
424358726,溺爱 (原唱:郑钧),2008-08-01 00:00:00.006000
473289648,留恋,1998-01-01 00:00:00.007000
429408165,極楽浄土,2016-08-17 00:00:00.007000
422536284,小李飞刀插曲(笛子),2013-01-01 00:00:00.004000
412622682,Waka Waka (This Time For Africa),2013-01-01 00:00:00.004000
1344671425,我的天,2009-03-09 00:00:00
403903970,完整爱,2014-06-19 00:00:00.007000
484330962,The Day of Truth,2007-05-01 00:00:00.007000
402343325,일하는 중,2014-09-27 00:00:00
1353554024,Amarantine,2007-05-01 00:00:00.007000
557800453,I,2015-10-07 00:00:00.007000
446305111,The Grand Duel (Parte Prima),2003-09-23 00:00:00.007000
549886177,手紙 ～拝啓 十五の君へ～,2015-01-01 00:00:00.007000
452429269,Ballade,2002-10-02 00:00:00
401879525,You Lost Me,2010-06-07 00:00:00
537532709,แตกต่างเหมือนกัน,2015-12-09 14:47:42.859000
408843956,Rakataka,2003-05-20 00:00:00.007000
35530851,Moon,1999-07-23 00:00:00.007000
432927801,隋唐演义083,2014-01-01 00:00:00.004000
497832830,那些年,2011-08-05 00:00:00
487490868,OGUZ SUTUNG,2017-03-25 00:00:00
469808945,FALLING DOWN,2009-01-01 00:00:00.004000
503233327,Lost my pieces (Piano Ver.),2009-01-07 00:00:00.007000
406074738,不该爱的人,2011-06-08 00:00:00
528895931,每天爱你多一些,1992-01-01 00:00:00.007000
486783145,爱的呼唤,2009-11-27 00:00:00
415010233,돈 돈!,2007-11-05 00:00:00.007000
406164601,Break Free,2014-08-22 00:00:00.007000
438665714,等,2008-07-18 00:00:00
400267418,心太软,1998-04-01 00:00:00
33053601,Disciple,2014-06-08 00:00:00
501638224,Bad,2014-05-23 00:00:00.007000
446864606,Baby One More Time,2008-10-27 00:00:00.007000
501663013,Anything (Inst.),2017-07-28 00:00:00.007000
448436725,내 맘은 죽어가요,2012-11-12 00:00:00.007000
409296638,****in Perfect,2012-08-14 00:00:00.007000
526140390,"Two-Ten, Six-Eighteen",1965-07-31 08:00:00
495954843,Ice Cream Cake,2015-03-17 00:00:00.007000
402284182,マリオネットシンドローム,2013-07-31 00:00:00.007000
1362335297,Muerte De La Cantinera,2010-02-22 00:00:00
456480714,嘿，抬头！ ,2016-12-22 00:00:00.007000
399661587,The Crystal Ship ( LP Version ),2011-09-07 00:00:00
443578480,Maybe Tomorrow,2008-11-06 00:00:00.007000
536939350,End of My Journey,2012-03-27 00:00:00.007000
490832614,Nocturne,2007-11-26 00:00:00.007000
466488744,生来彷徨,2013-12-02 00:00:00.007000
1357666462,瑶琴巧韵,2003-06-01 00:00:00
451595589,Einaudi: Ora,2004-09-06 00:00:00
514844721,在树上唱歌,2009-05-26 00:00:00
445488341,午前2時のエンジェル,2016-07-06 00:00:00.007000
414988011,STUPID IN LOVE,2016-05-25 23:30:46.032000
553470757,Sensations (Live Acoustic),2016-08-26 00:00:00.007000
472924542,Yrsa,2001-01-01 00:00:00.007000
423408211,最浪漫的事,2006-01-01 00:00:00
530323624,Big For Your Boots,2017-02-24 00:00:00.007000
413585751,ただ前へ,2014-09-03 00:00:00.007000
472717079,红星照我去战斗,2011-06-22 00:00:00
460251860,君をのせて,2004-08-25 00:00:00
435845569,荒野の狼,2016-09-28 00:00:00.007000
537942103,Cute,2016-08-05 15:33:30.123000
432257367,梁山伯与茱丽叶,2007-02-11 00:00:00
400303558,Thriller,2009-10-26 00:00:00
449685182,Sevje,2014-09-05 00:00:00
1312581539,She Is,2005-06-15 00:00:00.007000
37110745,"Vermillion(テレビアニメ""ぼくらの""Ed)",2007-08-27 00:00:00
32405185,夢見る乙女、妄想中,2015-05-27 00:00:00
433712616,sing my way,2013-04-05 00:00:00
567896391,El Ropavejero,2010-10-20 00:00:00.007000
1309794799,残酷月光,2013-07-19 00:00:00.007000
491032640,Best of 2013 Mash-Up,2013-10-29 00:00:00.007000
1308250895,早安的诗,2017-05-18 00:00:00.007000
506840769,Dark Star,2013-08-22 00:00:00.007000
484843013,Bye Bye Bye,2009-04-17 00:00:00
1331613172,いぇす!ゆゆゆ☆ゆるゆり♪♪,2014-05-21 08:00:00
529862037,風,2015-04-22 00:00:00
418899721,내가 사랑하는 그녀는 (I love her),2014-11-26 00:00:00.007000
539408304,无与伦比的美丽,2007-11-02 00:00:00
1318935706,油尽灯枯,2017-10-09 00:00:00
533612972,旧诗行,2013-01-01 00:00:00.004000
459393256,夢見草,2014-08-15 00:00:00.007000
1375175990,我从崖边跌落,2016-06-21 00:00:00.007000
456151240,달빛이 지고,2012-02-15 00:00:00
1315489872,The Door Is Open,2013-12-17 00:00:00.007000
554270586,"He Said, I Am a Misfortune Bully",2006-01-23 00:00:00.007000
448927972,孤枕难眠,2003-03-14 00:00:00.007000
1326640551,大家都有拖延症,2013-01-01 00:00:00.004000
531402707,Bazaar (Official Sunburn Goa 2015 Anthem),2015-12-25 13:34:02.084000
568411223,Danza Forro,2013-10-16 00:00:00.007000
407097441,I wish,1999-12-10 00:00:00.007000
1324104668,甜甜的歌儿迎贵宾,2005-10-11 00:00:00
501208795,Dark Side x Out Side,2015-02-18 00:00:00.007000
519633262,闇に飲まれるプリキュア,2009-04-03 00:00:00
537347655,Happy Christmas,2009-11-25 00:00:00
430099644,Chewing Gum (泡泡糖) (Chinese Ver.),2016-08-27 00:00:00.007000
549242085,I Love You Because,2014-07-14 00:00:00.007000
865805319,Morning,2014-07-15 00:00:00.007000
36328271,怪你过份美丽,2004-04-01 00:00:00
504507434,带你去旅行（Cover 校长）,2017-08-27 11:09:18.461000
1307356961,Sample Monster IV,2017-05-11 00:00:00.007000
405821339,Love the Way You Lie [Album],2010-06-21 00:00:00.007000
483566025,You're Not Alone,2008-03-17 00:00:00.007000
504676098,开笼雀 (Live),2017-04-11 00:00:00.007000
469792320,Breath of Life,2012-04-30 00:00:00.007000
1305168739,"God Rest Ye, Merry Gentlemen",2015-11-26 00:00:00.007000
1305432878,Mishima Estate (Bottom Floor),2012-09-18 00:00:00
432152371,我爱你,2008-05-27 00:00:00
483778751,Surrender the Codex,2013-11-11 00:00:00.007000
497942152,舞女泪,2016-01-18 11:49:12.515000
30345421,黄金甲(Live) - live,2008-01-30 00:00:00
520210190,ANGER/ANGER,2016-02-25 09:33:43.405000
453706247,Les petits bateaux (live 2006) - live,2007-03-05 00:00:00.007000
542067998,With or Without You,2015-04-13 00:00:00.007000
451559181,公公偏头痛,2012-12-28 00:00:00.007000
453216265,keep on,2004-08-01 00:00:00
492031173,God Is A Girl (Album Version),2005-02-28 00:00:00.007000
473392170,爱炼,2008-08-22 00:00:00
1295858512,谢谢你的温柔,2007-05-11 00:00:00
454979292,你沈 - 别再想了,2017-01-20 22:45:03.121000
441130153,Serenade,2002-02-02 00:00:00
1303126529,桃之夭夭,2016-07-11 00:00:00.007000
572907939,Hoy,2014-10-21 00:00:00.007000
505786637,내일은 없어,2013-10-28 00:00:00.007000
454024360,The Hunters,2016-12-21 00:00:00.007000
1336197256,Children of the Bad Revolution,2011-01-01 00:00:00.004000
431616196,送别,2013-03-29 00:00:00.007000
1300919436,魔女兵器OST Battle BGM Funky OLD Fasion,2016-12-17 18:30:25.413000
452740735,Tell Me You Love Me,2010-06-07 00:00:00
538389469,Meunier Tu Dors,2009-06-09 00:00:00.007000
555376306,过ぎ去りし日々 [LM09],2013-04-10 00:00:00.007000
459026188,战争,2005-12-01 00:00:00
545681750,风雨江湖·剧情版,2014-01-01 00:00:00.004000
510617850,Caffeine ,2014-07-01 00:00:00.007000
568060736,Linda (remastered),2004-01-01 00:00:00.007000
493553187,The Salt Wound Routine,2005-01-17 00:00:00
488913136,Loose,2017-01-27 00:00:00.007000
1318050939,谜题,2017-05-29 03:11:56.388000
500748110,不想再爱不明白的爱,2013-05-31 00:00:00.007000
551892659,Pero Que Diablos,2006-01-17 00:00:00.007000
568817530,No Choio Fála-Se Dum ERE,2016-04-30 00:00:00.007000
552858008,Extreme Ways (Bourne's Ultimatum),2007-08-20 00:00:00
441883614,Innocent,2009-11-16 00:00:00
490225289,흩어져,2016-06-28 00:00:00.007000
1349927057,На связи,2016-02-21 00:00:00
504953592,Someone like you,2012-09-29 00:00:00.007000
439388006,那首歌,2010-10-29 00:00:00
428268576,水辺の花,2005-12-21 00:00:00.007000
564859932,Sinfonia No. 3 in D Major: I. Allegro,2015-12-01 00:00:00.007000
37152687,She's Not You,2011-07-12 00:00:00.007000
434868909,巴赫《十二平均律钢琴曲集》1,2016-10-10 17:05:17.384000
416145332,玫瑰与小鹿,2015-08-08 00:00:00.007000
516074797,菊花台,2006-09-05 00:00:00.007000
425093137,New World,2013-03-20 00:00:00.007000
1332489340,1985 (BCR Extended Romance Mix),2016-03-14 00:00:00.007000
558328210,点点关注,2017-11-07 00:00:00.007000
489085380,天外有情,2001-12-03 00:00:00
427647339,Flying Through The Universe (Original Mix),2014-12-20 00:00:00
470587934,Get Lucky - Smooth Saxophone Mix,2014-08-22 00:00:00.007000
1318618581,Propylaia,2012-10-24 00:00:00.007000
516183724,Greed,2014-08-20 00:00:00.007000
489365012,はなまるぴっぴはよいこだけ,2015-11-11 00:00:00
497136571,Calling It A Day,2012-02-02 00:00:00.007000
478052097,βios,2012-01-25 00:00:00
470482631,同手同脚,2008-01-25 00:00:00
521528422,解决,1996-10-01 00:00:00
483399807,光阴的故事,2013-05-16 00:00:00.007000
537207080,心剑遊龙（Cover 冥月）,2016-12-30 19:47:01.707000
460391011,あやとり,2003-09-10 00:00:00.007000
441967199,你还要我怎样,2015-02-10 00:00:00
1340743776,Piano Sonata 09 opus 14 n.2 for Sleeping Baby (Second Part),2010-09-15 00:00:00.007000
453231602,The Last Stand,2011-11-21 00:00:00.007000
1340357607,눈물나게,2017-02-24 00:00:00
567081063,Some Things Never Change (In the Style of Tim McGraw) [Karaoke Version],2011-11-08 00:00:00.007000
434527620,挥着翅膀的女孩,2004-03-01 00:00:00
1305640592,单行的轨道,2015-11-06 00:00:00.007000
417149180,和你在一起,2006-06-15 00:00:00
416205707,Back When We Had Nothing,2016-01-18 14:03:49.955000
1345349387,比我幸福,2000-04-01 00:00:00
500990557,躲猫猫,2017-03-10 10:57:41.867000
550748718,Fly,2017-02-04 00:00:00.007000
439835267,打得火热,2013-06-26 00:00:00.007000
533419187,Amapola,2014-07-24 00:00:00.007000
560131266,Nová hra,2014-03-21 00:00:00.007000
1324251121,紫陌（钢琴版）,2017-07-14 20:44:24.904000
1352060477,La Vie en Rose,1999-11-30 00:00:00.007000
504771863,A Winter Story (Remedios),2011-02-28 00:00:00.007000
441025303,Jelly Bean,2010-07-05 00:00:00
399904007,Yee (Edit),2013-06-28 00:00:00.007000
557385016,たからもの(泥鳅&猫科)（Cover 河野マリナ）,2015-09-16 23:35:08.409000
480099038,All Fall Down,2007-11-20 00:00:00.007000
33031398,Break It Off,2006-04-24 00:00:00
484241807,Wild World,1993-07-28 00:00:00.007000
468813551,最初的梦想,2004-05-01 00:00:00
482467400,命运迷宫,1992-01-01 00:00:00.004000
1347775115,Lot to Learn,2017-07-28 00:00:00.007000
505045696,拉丁舞曲01,2013-01-01 00:00:00.004000
434880248,月亮惹的祸,2009-10-30 00:00:00
510011714,不信命伴奏,2017-09-30 22:38:38.685000
480133546,BAM BAM,2016-10-29 00:00:00.007000
501849803,One Far My Baby And One Far The Road (Original Mix),2009-11-24 00:00:00.007000
464119730,スーパースターになったら,2011-10-26 00:00:00
539005342,潮流季,2013-10-08 00:00:00.007000
428715648,家乡,2009-10-16 00:00:00.007000
456435480,累不累,2010-11-15 00:00:00
439044650,Longas Noites de Choiva Incansable,2012-12-05 00:00:00.007000
494012890,Test_Moscow Nights,2017-07-29 22:52:19.870000
407309956,【初音ミク】半透明な少年(フミ),2016-03-20 08:23:54.096000
508613697,你若安好便是晴天,2013-10-17 00:00:00.007000
1311967568,My Heart,2013-12-13 00:00:00
538526548,"Mozart: Die Zauberflöte, K.620 / Erster Aufzug - ""Der Vogelfänger bin ich ja""",2005-01-01 00:00:00.007000
426019509,Contact,2013-05-21 00:00:00.007000
38341577,When You Believe,2008-10-20 00:00:00.007000
483735706,相依的心,1999-09-09 00:00:00
555599163,灵岩,2012-12-10 00:00:00.007000
566196017,Puente de Piedra,2014-05-13 00:00:00.007000
540687885,Dub Detective,2015-10-08 00:00:00.007000
525729508,Hello Zepp,2004-10-15 00:00:00.007000
412003606,白眉大侠048,1998-07-15 00:00:00.007000
35248880,安静的等待,2007-08-31 00:00:00
1313604854,最后一次看不见那些人老去,2014-11-06 00:00:00.007000
1373873852,爱的就是你（Cover：刘佳）,2017-07-10 00:00:00.007000
1327204996,我等你,1999-11-01 00:00:00
419585335,我只在乎你(日),2008-01-30 00:00:00
510314013,I Believe I Can Fly,2009-03-15 00:00:00
496556363,Refetna,2004-12-06 00:00:00.007000
530527073,“露を吸う群”,2006-01-01 00:00:00
1357881450,물고기 자리,2004-05-06 00:00:00
1349603952,"Wolfgang Amadeus Mozart: Le nozze di Figaro, K 492 - Act 2 - No.16: Finale (Conte, Contessa, Susanna, Figaro, Anton",2012-01-01 00:00:00
547694813,"Symphony No. 101 in D Major, Hob. I.101, ""Clock"": I. Adagio - Presto",2014-09-27 00:00:00.007000
418966291,スペシャルボイス集＜罵倒編＞,2012-10-22 00:00:00.007000
428894897,New Soul,2014-11-14 00:00:00.007000
450840954,快乐不多,2004-07-01 00:00:00
1315005717,Polaroid,2014-01-01 00:00:00.004000
541276541,Shootin' from the Hip,2012-03-08 00:00:00.007000
494962165,陪着你走,2017-05-08 00:00:00.007000
440885820,Anything You Want,2016-07-21 00:00:00.007000
1321450888,kaxig kara,2016-07-29 13:59:50.500000
493041799,owe the world,2016-10-30 00:00:00.007000
408506448,GJ!,2016-03-31 10:17:37.357000
1323761444,心情车站,2004-03-25 00:00:00.007000
549414026,Hondulay,2000-03-14 00:00:00.007000
1329871350,火里的女人,1995-10-01 00:00:00.007000
2851013,The Sweetest Thing,2011-09-13 00:00:00.007000
39864424,Boom Clap,2014-09-16 00:00:00.007000
538219624,The Big Three Boogie,2013-02-01 00:00:00.007000
476687630,Give Life Back To Music,2014-07-15 00:00:00.007000
1341307605,여자사용법,2014-11-11 00:00:00.007000
464179476,I Want To Break Free,2011-01-03 00:00:00.007000
486955599,太想爱你(Live),2007-01-30 00:00:00.007000
467492581,酒干倘卖无,2016-03-11 15:24:42.300000
561540161,Someone to Watch over Me,2012-10-01 00:00:00.007000
474476431,大地,1992-01-01 00:00:00
539762757,Chanson andalouse,2012-11-15 00:00:00.007000
440723732,回合（《梦幻西游》主题曲）,2016-07-10 11:23:26.328000
527774592,Prelude in G minor BWV 861,2009-10-15 00:00:00.007000
30348131,一个人生活,2000-08-01 00:00:00
519822643,宁静海,2007-07-01 00:00:00
558574893,Wildwood,2013-07-18 00:00:00.007000
442222626,Balloon Flies With Memories,2009-07-31 00:00:00.007000
446992085,喜帖街,2008-07-25 00:00:00
503364129,成人法则（Cover V.A.）,2017-05-12 14:29:30.755000
493918145,听妈妈的话,2010-09-14 00:00:00
437048961,Piradinha (Ella Se Vuelve Loca),2014-06-03 00:00:00.007000
531822730,Monster Hunter 4,2013-11-20 00:00:00
36569606,Zo mooi 1,2015-11-13 00:00:00.007000
505486425,Forward! (Original Mix),2014-04-28 00:00:00.007000
528423667,世界が终るまでは...,1997-11-06 00:00:00.007000
518377184,回線KAISEN,2017-11-12 05:51:03.645000
446392437,我还爱你,2014-11-05 00:00:00
543226056,夕阳下的歌,2016-05-07 18:30:28.745000
497148272,【连岳8.8】拎得清才幸福,2017-08-10 12:54:38.467000
463754754,Aicha (Version Mixte),2010-01-01 00:00:00.004000
557103991,Hold on to My Love (Karaoke Version),2013-11-06 00:00:00.007000
440586738, Klanga (De Hofnar Remix),2014-12-24 00:00:00.007000
464251216,Run Devil Run,2014-10-15 00:00:00.007000
532654717,The Big Eight Sequence (arr. M. Filosa for wind ensemble),2014-10-06 00:00:00.007000
573454128,Le rocher de Sainte Hélène (Version playback),2009-12-16 00:00:00.007000
538591120,Hostage,2013-02-26 00:00:00.007000
510621572,이상해,2016-10-05 00:00:00.007000
416433061,别找我麻烦,2012-07-26 00:00:00
492513133,Hello Mary Lou (1961),2012-05-25 00:00:00.007000
447840277,爱的代价,2016-10-30 00:00:00.007000
1375824610,20. Did God leave all mankind to perish in the estate of sin and,2006-01-01 00:00:00
33117684,一秒ごとに Love for you,2008-07-09 00:00:00
1322096478,only my railgun,2009-11-04 08:00:00
571632423,Final Call (Mesto & Justin Mylo Remix),2016-07-08 08:00:00
565537244,路の途中,2007-11-14 00:00:00
402229399,高山流水,2011-01-01 00:00:00
420046811,黑夜以后,2007-09-26 00:00:00
410535313,让一切随风,2007-07-09 00:00:00
532679408,Cantemus!,2015-11-13 00:00:00.007000
455977051,橄榄树在梦中结满果子,2004-09-01 00:00:00
406475406,Denise Logs On,2016-03-17 17:21:06.425000
416701653,Last Call For Coffee,2011-08-30 00:00:00
427416241,Supercharged,2013-08-26 00:00:00.007000
558880054,Lullaby Of The Leaves,2009-06-15 00:00:00.007000
511619686,上海一九四三(Live),2002-10-25 00:00:00
543020507,Baby I Don't Care (Karaoke Version),2013-01-31 00:00:00.007000
438322483,春夏秋冬等你来,2014-01-22 00:00:00.007000
26368935,Lover Come Back to Me,2012-08-13 00:00:00.007000
483831152,不是你的错,2012-05-18 00:00:00
453074603,音楽,2009-08-26 00:00:00.007000
429490027,Dubstep Bullet Train,2013-01-01 00:00:00.004000
1335208655,Vagrant,2015-10-02 00:00:00
480278278,命硬 (Live),2017-02-18 00:00:00.007000
401841024,You Are The Music In Me,2007-08-14 00:00:00.007000
559617748,You Are My Everything,2007-11-19 00:00:00
1358857971,全球变冷,2012-07-11 00:00:00.007000
421405820,小黑与我,2005-04-01 00:00:00
427969282,Just So,2010-10-04 00:00:00
1354722354,凤凰花开的路口,2008-07-25 00:00:00
423891825,Take You Away,2015-04-07 00:00:00.007000
460067497,樱花草-易嘉爱（唱吧）,2017-02-15 12:40:10.634000
1360503222,I Do Myself,2012-11-20 00:00:00.007000
1312669047,深深深深,2013-05-23 00:00:00.007000
484890710,主，你是神受膏者—诗篇二、七十二篇,2016-03-04 13:27:25.926000
477475358,Good Time,2012-08-20 00:00:00.007000
499914285,I Almost Do,2012-10-22 00:00:00.007000
431388948,Best of my Love,2013-07-03 00:00:00.007000
1342501572,爱笑的眼睛,2012-12-21 00:00:00.007000
521738380,The Face of Boe,2007-02-13 00:00:00.007000
565753907,Ainda Existem Cowboys,2005-07-01 00:00:00.007000
1332136042,月灯り,2014-11-19 00:00:00.007000
1315620044,しわ,2014-01-08 00:00:00.007000
1306883307,Struttin' with Some Barbeque,2016-01-01 00:00:00.007000
510835551,Brave Enough,2017-05-19 00:00:00.007000
448819229,Heaven (Chinese Ver.),2016-06-09 00:35:11.370000
556947085,Euterpe,2011-11-30 00:00:00
507301735,JUST ONE CHANCE,2007-03-01 00:00:00.007000
441980569,Lose Yourself,2014-06-27 00:00:00.007000
1338289808,Media (Original Ver.),2016-11-12 00:00:00.007000
37377934,莫失莫忘(逍遥叹 演奏曲),2005-05-08 00:00:00
39854435,天脉传奇,2011-09-01 00:00:00
553447152,心爱的,2013-07-29 00:00:00.007000
572422226,Deiboh (Original Mix),2012-11-24 00:00:00.007000
426884613,To The Floor,2009-11-11 00:00:00
569030973,잠보,2017-06-21 00:00:00.007000
862404594,Wipeout,2016-12-15 00:00:00.007000
452092976,憧れの非日常,2010-05-26 00:00:00
413388752,Aud Lang Syne,2004-11-01 00:00:00.007000
1299099760,Best Friend,2001-06-06 00:00:00.007000
501170689,蕾姆的flower dance,2017-08-24 13:27:51.192000
539627138,チルノのパーフェクトさんすう教室,2010-08-14 00:00:00
486712969,The Glorious Ones,2015-11-02 00:00:00.007000
412270211,风生水起,2007-11-13 00:00:00
32599043,Animal,2011-01-23 00:00:00
496543629,Beneath Menacing Sands,2017-08-11 00:00:00.007000
412507704,某个心跳,2013-06-30 00:00:00.007000
506662941,那个男孩,2017-06-06 00:00:00.007000
547915103,Alex Ferrari - TTe pego e pa（棒棒棒）(Bootleg)（YT_Official remix）,2015-10-05 02:23:54.926000
1321414949,The Next Episode ,2010-07-14 00:00:00.007000
490309868,红妆,2017-01-24 00:00:00
538908856,我还能爱谁 (Live),2017-04-28 00:00:00.007000
565407602,Luv Sic Pt. 5 (Den​-​One Remix),2011-03-30 00:00:00.007000
521901277,Waterloo,1999-12-01 00:00:00.007000
572663177,Sweeter Than Fiction,2013-10-21 00:00:00.007000
1300658858,想你的365天,2012-02-24 00:00:00.007000
512173813,黑枝豆3*4,2017-10-10 19:06:43.168000
1343373107,在那遥远的地方,2004-08-01 00:00:00
1324655186,边疆的泉水清又纯,2011-06-22 00:00:00
414773286,星晴(Live) - live,2002-10-25 00:00:00
427462108,너의 얘길 들어줄게,2015-05-11 00:00:00.007000
565771067,Farewell,2014-03-12 00:00:00.007000
39594905,She's Not There,2011-04-11 00:00:00.007000
404248226,At The Burrow,2010-11-16 00:00:00.007000
446924702,你知道我爱你,2002-10-01 00:00:00
406673386,Не говори мне ничего,2009-02-02 00:00:00.007000
460108391,Lost Stars,2015-05-18 00:00:00.007000
495973820,Yesterday (Japanese Version),2017-03-29 00:00:00.007000
470817086,Le Pape Des Fous (Quasimodo),1999-04-20 00:00:00.007000
539954416,インテンション・プロペラント (Instrumental),2014-02-19 00:00:00.007000
494877678,The Godfather (Love Theme),1972-01-01 00:00:00.007000
406504645,Kiki's Delivery Service,2014-03-12 00:00:00.007000
449344666,隐形的翅膀,2016-10-30 00:00:00.007000
531386491,中国有嘻哈?,2017-05-07 21:32:33.773000
455387175,Secret (加长快板),2007-08-30 00:00:00
569195251,Standin' Still [In the Style of The Clark Family Experience] {Karaoke Version},2010-12-20 00:00:00.007000
453828283,"That Affair Next Door, Chapter 79",2017-01-04 00:00:00.007000
538983802,Frei wie ein Indianer (Karaoke),2011-10-20 00:00:00.007000
517576152,爱的王道,2008-01-04 00:00:00
1372393202,初恋,2017-07-05 00:00:00
1301174714,What's your name? collaboration with 壇蜜,2013-02-27 00:00:00.007000
456928464,Angel,2001-11-06 00:00:00.007000
536869798,忆红莲,2014-01-01 00:00:00.004000
439694878,Tom's Diner (live),1991-09-24 00:00:00.007000
554285050,妄为,2017-03-01 00:00:00.007000
28713665,第1326集夏姬的话儿,2014-01-01 00:00:00.004000
451071035,byebye,2012-08-29 00:00:00.007000
416917323,You Hear Me Laughing?,2008-02-12 00:00:00.007000
488862664,玫瑰玫瑰我爱你,2013-06-06 00:00:00.007000
441949154,琵琶语,2000-01-01 00:00:00.007000
1358476186,当我孤单还会想起你,2015-04-11 00:00:00.007000
428357681,BRAVE BLADE!,2012-07-25 00:00:00
37476083,Bad Romance,2009-11-23 00:00:00.007000
491908389,Primer,2007-04-30 00:00:00
1337785372,红尘客栈,2012-12-28 00:00:00.007000
1308346457,晚安,2016-11-14 00:00:00.007000
488396315,겁,2016-07-28 00:00:00
1307035683,创作者,2015-08-21 00:00:00
558011812,SEXY LOVE,2012-09-04 00:00:00.007000
469777055,Recollection,2013-02-18 00:00:00.007000
522261570,Crickets & Wolves,2009-11-17 00:00:00
496589568,在此刻（电视剧《少帅》主题曲）,2017-01-25 16:38:34.880000
463234718,交个朋友,2011-03-05 00:00:00
484864082,My Love (Radio Edit),2001-04-02 00:00:00.007000
424720344,Girl (Explicit Album Version),2005-07-19 00:00:00
444517553,Loneliness (Original Mix),2016-02-23 22:25:43.582000
529537653,I Wish,2009-01-13 00:00:00.007000
442028774,时间よ止まれ,2008-07-23 00:00:00.007000
1351231591,Give Me A Break,2001-02-02 00:00:00.007000
433948728,白仙鹤,2013-10-10 00:00:00.007000
1319501457,Fight For Love,2016-02-18 23:34:41.157000
551241945,終わらない夢,2013-04-10 00:00:00.007000
36641519,SUN SUN SUN’95,2001-04-28 00:00:00.007000
1333490516,末日曙光,2013-12-25 00:00:00.007000
1345403237,梨花又开放 (Live),2015-01-09 00:00:00.007000
567370264,Noche de Lagrimas,2016-01-11 00:00:00.007000
500557964,When I Was a Child,1998-04-21 00:00:00.007000
501378730,Mis-Shapes,1999-06-18 00:00:00
493978331,北戴河之歌,2011-03-24 00:00:00
533855516,关不上的窗,2010-12-17 00:00:00
485720687,没有人可以像你,1995-01-01 00:00:00
554596900,一场白雪,2009-04-18 00:00:00
431329434,Livin' on a Prayer,1986-08-01 00:00:00.007000
1342972403,A Sky Full Of Stars,2014-07-21 00:00:00.007000
1342408065,变了 散了 算了,2005-05-01 00:00:00
447102256,明明就,2012-12-28 00:00:00.007000
566800175,That's My Life (My Love and Home),2016-07-29 00:00:00.007000
412624713,活该,2015-04-30 00:00:00.007000
40604309,Je m'appelle Hélène,1993-01-01 00:00:00.007000
535819048,游龙戏凤 (1936年胜利唱片),2006-01-01 00:00:00.007000
503407856,《大漠苍狼》第022章 小型飞机,2017-09-02 15:38:56.127000
427687890,About You Now,2015-04-12 00:00:00.007000
552358161,Good Time,2012-11-01 00:00:00.007000
1301312879,说散就散,2016-06-14 00:00:00.007000
452423376,Beetlebum,2012-08-13 00:00:00.007000
437261313,دىمىگىن يارىم__™,2016-10-24 12:13:12.865000
565564247,Lighter (Cavin Viviano Edit),2015-10-10 00:00:00.007000
1330668250,Cywydd Y Nadolig,2010-07-01 00:00:00.007000
418294369,"Diabolus, Kapitel 21",2009-07-17 00:00:00.007000
1338955624,无声入夜 Into The Midnight ,2016-01-11 15:52:52.458000
468165068,Let Me Show You The Way,2014-01-01 00:00:00.004000
541513157,Wonderful Life,2010-09-06 00:00:00.007000
1306797074,藕断丝连,2008-03-14 00:00:00
423157968,ライラニア,2012-06-27 00:00:00
450138465,Çok Yalniziz,2006-05-15 00:00:00
502639623,Don't worry,2017-08-28 00:00:00
40826445,Flying Without Wings,1999-10-18 00:00:00.007000
446744348,我大西北精神小曲~,2016-12-13 16:51:04.150000
440377944,Dear answer,2015-10-14 00:00:00.007000
470722946,妈妈是我永远的家 ,2016-10-08 00:00:00.007000
529555236,英雄谁属,2013-01-01 00:00:00.004000
19150995,Golddigger,2000-02-22 00:00:00
515358085,未来形アイドル(TVサイズ),2013-03-20 00:00:00
509646666,真假情话,2008-08-05 00:00:00
437633508,传奇,2010-01-01 00:00:00.007000
485442912,天上人间,2003-07-01 00:00:00
418471279,エアリスのテーマ(Piano Version),2005-09-28 00:00:00
421916321,望月节舞蹈,1999-09-01 00:00:00
1357650852,Gee (Korean ver.),2010-10-20 00:00:00
1346207070,Ladies Night,2017-01-09 00:00:00
444483935,斜,2005-09-15 00:00:00
464246218,わたしEclipse,2014-08-17 00:00:00.007000
569872328,伊犁河畔,1998-01-01 00:00:00
498483740,Rope,2011-04-11 00:00:00
535016713,Trading Stories,2007-06-11 00:00:00.007000
532069076,Sir Main Vijay Bol Raha Hun,1977-12-30 00:00:00.007000
521765559,Timber,2013-12-13 00:00:00.007000
1200884,Bald Bob,2009-03-03 00:00:00.007000
483277576,荣耀,2017-06-09 21:51:13.918000
473157780,Bassoon Concerto No.19 in F Major RV 488:2: Largo,2015-01-01 00:00:00.007000
441352984,“时雨の记”~la pioggia,1998-08-01 00:00:00
572164949,红梅赞,2007-09-28 00:00:00
1341800462,My Baby Thinks He's a Train,2013-03-30 00:00:00
560215743,我要我们在一起,2004-03-01 00:00:00
406791349,この恋おいらのからまわり,1981-02-25 00:00:00.007000
1357912574,至少还有你,2004-04-01 00:00:00
511798041,Twilight,2005-11-28 00:00:00
561823088,Kapitel 17: Der Seewolf (Buch 2) (Teil 10),2016-09-30 00:00:00.007000
1312362355,ペガサス幻想(T.V.Size),2008-07-30 00:00:00
419941389,안만나 (Inst.) - instrumental,2011-09-29 00:00:00.007000
38202957,但愿梦相连,1996-12-10 00:00:00.007000
481448241,"Piano Concerto No. 1 in E-Flat Major, S. 124: I. Allegro maestoso",2011-07-22 00:00:00
1346561620,Rigid Lover,2016-05-13 19:37:46.425000
567047689,D.D.T.,2017-06-23 00:00:00.007000
468090347,High Voltage,2000-10-24 00:00:00.007000
480088546,陶然四季,2014-01-01 00:00:00.004000
483684242,아름답다,2017-03-20 00:00:00.007000
506340318,ONE DAY,2010-01-01 00:00:00.007000
444438751,Your Body Is A Wonderland (Radio Mix),2016-11-24 00:00:00.007000
479927666,乌兰巴托的夜 (Live),2015-03-20 00:00:00.007000
487585088,Odio (In The Style Of Romeo Santos & drake),2014-02-19 00:00:00.007000
17100047,Man-Shake (Remaster),2012-02-13 00:00:00
1334891721,Free Falling,2016-10-30 00:00:00
478639398,にんじゃりばんばん,2012-03-13 00:00:00.007000
1351820083,Heaven On Earth,2004-02-16 00:00:00
499013576,虹之间,2014-10-30 00:00:00.007000
474233640,样（young） Cover：TF Boys,2015-09-17 20:07:54.488000
490529848,"オリジナル[ナムコ クロス カプコン]~いつかきっと,月光(つき)の下で",2005-08-31 00:00:00.007000
428833731,Still Alive,2014-09-10 00:00:00
5284549,爱的诗篇,1989-01-01 00:00:00.004000
446894481,角色,2009-03-09 00:00:00
568921459,Feliz Navidad (Acapella),2009-09-15 00:00:00.007000
39708993,未使用曲1,2002-09-27 00:00:00.007000
486347311,Bila,2014-07-01 00:00:00.007000
569473449,Beyond the Sea (La Mer),2006-05-10 00:00:00.007000
21673837,Donne-moi ta main [Live Cabaret Sauvage 2006-2007],2007-12-31 00:00:00
1356213148,月光小夜曲,1988-11-01 00:00:00
490080359,孤独不苦,2002-11-01 00:00:00
444536620,Yellow,2013-06-23 00:00:00.007000
447480591,闲岁,2015-07-14 00:00:00
464554712,小赖皮之歌Schnappi,2007-02-02 00:00:00.007000
419851198,World Order,2010-07-07 00:00:00.007000
498817408,Ram-pam-pam,2011-11-24 00:00:00.007000
447065998,Darkness Of Greed,2012-11-27 00:00:00.007000
424303783,恋着多喜欢,2006-09-01 00:00:00
488801637,情,2015-12-24 19:17:59.240000
478314855,恋をすると馬鹿を見る,2016-05-30 15:54:59.671000
416122874,Paper Hearts,2014-01-01 00:00:00.004000
1314927154,你一定要幸福（Cover：何洁）,2017-10-03 20:59:43.057000
430612053,アールグレイ - 约束をした日 (女が见た日本の原风景 - 东方风神录),2010-08-14 00:00:00
434717531,要是一生都不老,1992-12-01 00:00:00
498007670,不一样的夏,1998-09-01 00:00:00.007000
560685387,Natural Woman (as made famous by Carole King),2009-04-01 00:00:00.007000
462634169,霜雪千年,2014-01-01 00:00:00.004000
501485195,"L'Art de Preluder, Op. 7: L'Art de Preluder, Op. 7: Prelude in D Major",2008-11-26 00:00:00.007000
407659235,Cafe Au Lait,1995-08-01 00:00:00
439407889,Burning Love,2015-04-15 00:00:00.007000
533234518,Mum And Dad,2011-01-10 00:00:00.007000
420704339,When You're Gone,2004-08-10 00:00:00
429031604,ごめんね　ずっと・・・,2015-03-18 00:00:00.007000
408297759,長い間,2009-08-19 00:00:00.007000
414054697,【胖蛋】纸牌屋 Full Length Edition,2016-05-20 00:38:35.819000
1322543587,应该 (Live),2015-06-05 00:00:00.007000
419138668,Whatever,2016-06-26 23:56:10.748000
475234389,Hello Mr. my yesterday,2011-04-06 00:00:00.007000
514442544,Know My Style (Gizzle Remix featuring 艾福杰尼&黄旭),2017-10-10 00:00:00.007000
418806241,Sad Song,2011-04-19 00:00:00.007000
471059137,Shady,2012-07-09 00:00:00
567906928,Your Family,2000-01-01 00:00:00.007000
521010174,Drips,2002-05-27 00:00:00
522265810,Chaflam,2017-11-06 00:00:00.007000
573667499,GO,2016-04-15 21:50:35.694000
525084011,如果你还爱我(Live) - live,2000-06-01 00:00:00
26153806,Back Stabbers,2013-03-22 00:00:00.007000
455844530,鬼神鏖战,2014-10-24 00:00:00.007000
530827232,轻易地放下你,1970-01-01 00:00:00
510747133,想要你知道,2015-06-08 00:00:00.007000
399578097,Love Is Pop,2007-12-01 00:00:00
476224940,不将就,2015-04-28 00:00:00.007000
491695888,Blackout,2006-04-10 00:00:00.007000
1350734938,Closer,2017-02-17 00:00:00.007000
1331212946,Benden Sonra,2017-06-21 08:00:00
405332843,"Duo for Violin & Viola in G Major, K. 423:III. Rondeau - Allegro",2008-04-10 08:00:00
549300903,白天不懂夜的黑,2001-02-01 00:00:00
415889669,麦芽糖,2005-11-01 00:00:00
411698787,青柠一片天,2006-07-01 00:00:00
454761347,星の湖(うみ)へ,2004-11-19 00:00:00
484004288,雪の华,2009-01-01 00:00:00.004000
450159756,Bittersweet,2010-03-05 00:00:00
430108544,泪蛋蛋泡在沙蒿林,1998-12-11 00:00:00
470675299,My Time,2003-07-02 00:00:00
482953748,苦情人,2005-12-01 00:00:00
440711397,Rainbow Factory (Orchestral Remix),2016-10-10 00:00:00.007000
420147226,乌克丽丽,2015-01-18 00:00:00.007000
476612347,Annie's Wonderland,1998-01-01 00:00:00.007000
403855925,Sinfonia in B minor Wq 182 No.5:1. Allegretto,2004-08-13 00:00:00.007000
1322546184,晚霞中的红蜻蜓,1998-01-01 00:00:00
454011114,Lolita,2012-01-30 00:00:00
487256956,为了遇见你,2012-07-17 00:00:00
532783177,青鸟Ⅰ,2004-12-01 00:00:00
544380803,对不起，只是忽然很想你 + 下个，路口，见 + 皇后与梦想 (Live),2016-03-16 10:33:54.049000
1375230579,Run,2007-11-09 00:00:00.007000
512419779,Some Enchanted Evening,2017-06-27 00:00:00.007000
402806150,你是我的最爱,2013-01-01 00:00:00.004000
448215788,ئازاپ,2016-05-22 17:13:42.070000
1355812438,Hurricane,2014-09-09 00:00:00.007000
1335304352,爱,1992-02-21 00:00:00
523572089,领悟 (Live),2016-11-18 00:00:00
1323140861,Patterns of Awareness,2015-08-21 00:00:00.007000
567353603,Thrift Shop (Instrumental Version),2014-09-15 00:00:00.007000
407637010,李白,2013-09-04 00:00:00.007000
549580763,Just to Be with You,2013-03-08 00:00:00.007000
1307670429,憂鬱と風船ガム,2016-03-23 00:00:00
529748702,Prologue,1991-10-22 00:00:00.007000
426643324,梦と叶桜,2011-11-16 00:00:00
531528234,分手快乐,2004-04-02 00:00:00
518515022,短发,2017-08-17 16:50:07.419000
480779021,G - Eazy & Carnage - Buddha (THIRD EYE REMIX),2017-05-27 17:49:32.046000
1321331801,Suoh MiKoto,2016-10-22 06:00:00
1348021577,Hold On,2016-11-12 00:00:00.007000
468847110,恋愛ハンター (updated),2013-09-25 00:00:00.007000
1322867008,Half A World Away,2004-07-01 00:00:00.007000
471057077,不让我的眼泪陪我过夜,1998-01-01 00:00:00.007000
1346590868,一生所爱,2013-01-05 00:00:00.007000
508011198,Faded,2017-03-21 00:00:00.007000
1335613544,僕のマニュアル,2017-08-02 00:00:00
1354523991,梨花香,2008-08-07 00:00:00
1342564072,君だけのアタラクシア,2015-05-10 00:00:00
1309685988,スカイクラッドの観測者,2013-06-26 00:00:00.007000
418190341,春,1993-02-01 00:00:00
492069487,Keep out!,2011-08-10 00:00:00
30565712,Hip Hop Is Dead,2008-11-03 00:00:00.007000
470761731,逃,2017-03-20 00:00:00.007000
519759792,Watch Out!!,2011-07-08 00:00:00
444168044,月桃花,2008-03-19 00:00:00
464848174,夢花火,2014-01-01 00:00:00.004000
534715371,夏待ち-TVサイズ-,2006-05-24 00:00:00.007000
35364903,Show me love(Not A Dream),2010-11-24 00:00:00
18397488,Make A Move (Album Version),2016-04-23 08:00:00
402425029,身不由己,2001-01-01 00:00:00.004000
564699670,写给你的歌,2016-03-03 05:08:11.903000
538587878,雨巷,2013-01-01 00:00:00.004000
496223987,極楽浄土,2015-01-01 00:00:00.007000
491259149,恋无可恋,2012-06-15 00:00:00
513926859,“露を吸う群”,2006-01-01 00:00:00
38943553,Falling,2015-02-06 00:00:00.007000
414796250,Ex Girl,2016-05-09 00:00:00.007000
410554814,A.I.N.Y. 爱你,2010-05-14 00:00:00
1342444983,きみが呼ぶ名まえ~夏目友人帐のテーマ,2008-09-24 00:00:00
863689308,快晴・上昇・ハレルーヤ (游☆戯☆王デュエルモンスターズGX),2009-12-23 00:00:00
439594068,窗外,1999-05-01 00:00:00
1358174423,魔术先生,2008-10-15 00:00:00
435990243,怪胎,2008-09-05 00:00:00
507180173,Afroteknik (Original Mix),2016-07-18 00:00:00.007000
556844221,Préludes for Piano - I.st book: IV. Les sons et les parfums tournent dans l'air. Modéré,1962-01-01 00:00:00.093000
1349620193,醉流年,2017-07-07 00:00:00.007000
444229357,舞出我人生,2013-01-01 00:00:00.004000
525702174,牵心（动画《墓王之王寒铁斗》主题曲）,2016-11-11 14:04:55.199000
492731088,Mi Familia,2014-01-21 00:00:00
1309868639,Another Journey (Instrumental),2008-09-26 00:00:00.007000
453928541,人间,1997-07-01 00:00:00
444881151,我到外地去看你,2013-04-15 00:00:00.007000
402837718,Soldier,2013-11-15 00:00:00.007000
1315144477,有人,2010-04-23 00:00:00
549795021,那一年,2000-12-01 00:00:00
509727156,I miss youの3メートル,2015-01-21 00:00:00.007000
450957494,單車,2008-07-11 00:00:00.007000
1323301242,フライ・ミー・トゥ・ザ・ムーン,2012-10-10 00:00:00.007000
543965369,疼你的责任,2002-01-15 00:00:00
1324350697,Amazing Grace (Renaissance Mix),2015-05-12 00:00:00.007000
560617856,Killer Klub,2015-11-11 00:00:00.007000
472101628,"Carmen Fantasy, Op. 25 (after G. Bizet): III. Lento assai",2017-04-14 00:00:00.007000
546553655,Superstar Fly Around,2016-12-14 00:00:00.007000
1343931476,Leaving My Corpse Behind (Original Mix),2014-02-04 00:00:00.007000
1299605324,再也没有 ( RUANCHENGWU Remix ),2017-08-15 21:21:15.693000
1295459454,原乡人,2006-04-01 00:00:00
569376658,St. Louis Blues,2007-01-01 00:00:00.007000
538084698,赤红热血 - 1st Mix,2015-07-06 00:00:00.007000
1355038129,格萨尔王,2010-09-30 00:00:00
467754999,On my Sheep,2014-10-31 00:00:00.007000
34902061,纯电EDM,2015-09-23 16:53:12.305000
1363804204,Waterloo (In The Style Of 'Abba'),2009-10-22 00:00:00
1314871308,一柳弓彦 ～イチリュウの推理,2011-02-28 00:00:00
472596058,moment,2009-07-15 00:00:00.007000
496813418,拔河,1999-10-01 00:00:00
489536790,記号として,2015-11-25 00:00:00.007000
549641351,You are the one,2010-06-23 00:00:00.007000
455893980,カプチーノ,2010-10-20 00:00:00.007000
471413324,Croatian Rhapsody,2003-12-23 00:00:00.007000
532322794,She's Got You,1963-06-10 00:00:00.007000
20150673,I Don't Play,1988-01-01 00:00:00
444438165,SevGi-Nedasi,2016-12-02 13:43:21.898000
1297330791,最熟悉的陌生人,2005-08-30 00:00:00
1317785064,SATU DI ANTARA DUA,2004-01-01 00:00:00
430212346,我们不是说好了吗,2013-04-02 00:00:00.007000
474547922,心を込めて ピエロ,2014-01-01 00:00:00.004000
479645723,She Wolf,2009-09-23 00:00:00.007000
432940970,你做了谁的情人,2011-12-07 00:00:00
498070814,Snow halation,2010-12-22 00:00:00.007000
439523465,아파,2013-10-10 00:00:00.007000
532698682,我不愿让你一个人,2011-12-16 00:00:00
1310430115,No brand girls,2013-04-03 00:00:00.007000
1348943855,月亮代表我的心,2006-04-01 00:00:00
441501994,玩乐,2013-11-26 00:00:00.007000
554877442,君临天下,2014-01-01 00:00:00.004000
430582113,You Raise Me Up,2008-10-13 00:00:00.007000
405777857,I'm Outta Love,2016-03-03 09:37:31.867000
438974496,Wasted (Radio Edit),2014-05-21 00:00:00.007000
464608748,彩虹,2006-02-16 00:00:00
497848212,许一个愿望,2012-03-09 00:00:00
1348127923,【钢琴】宝贝（Cover 张悬）,2016-05-30 22:02:31.118000
1302802289,Summer Days,2001-09-11 00:00:00
432999237,STEP,2014-04-16 00:00:00.007000
445417158,Morning Light,2012-01-01 00:00:00.007000
1360794886,小拳拳捶你胸口,2017-02-14 00:00:00.007000
482739060,岁月歌,2013-12-30 00:00:00.007000
481402581,"Yellow Flicker Beat (From ""The Hunger Games: Mockingjay, Pt. 1"")",2014-09-29 00:00:00.007000
471613696,兰花指,2009-11-08 00:00:00
4010190,Death,2011-03-04 00:00:00.007000
540445984,main theme piano,2017-09-27 00:00:00
404498985,广播剧《外星甜品学长》全一期,2016-02-24 17:22:20.980000
1357045879,他... 是JJ林俊杰... Dance~(就是我、编号89757、曹操、期待爱、不潮不用花钱),2012-12-21 00:00:00.007000
407561799,刘兰芳_杨家将全传_106,2016-03-22 12:07:31.768000
492510967,北极熊,2017-05-19 17:00:17.528000
1326481051,Nan Guinin,2014-12-20 00:00:00.007000
405331577,calliope,2016-03-02 08:03:38.216000
560035629,Three Times a Lady,2011-09-28 00:00:00.007000
1345227377,Goodbye's (The Saddest Word) (Album Version),2002-12-11 08:00:00
557099533,"Cantata BWV 182 ""Himmelskönig, sei willkommen"": Sonata (Grave. Adagio)",2013-05-17 00:00:00.007000
39675780,白费,2012-10-12 00:00:00.007000
865682514,"Piano Concerto No. 2 in C Minor, Op. 18: I. Moderato",2017-02-10 00:00:00.007000
448657541,封锁我一生,1999-01-01 00:00:00.004000
443812788,雾之恋,1984-01-28 00:00:00
569567388,"מחרוזת: תני לי יד,חזור אליה",2008-01-01 00:00:00.007000
558845507,Ausencia,2007-03-12 00:00:00.007000
446905225,（24）浮出水面（放下即可解脱）.mp3,2016-12-14 13:55:02.884000
469024940,ルートスフィア,2014-02-19 00:00:00
1346553789,La La Means I Love You(国),1993-04-01 00:00:00
467755258,OK,2009-09-22 00:00:00.007000
1294863044,Nubes de Silencio,2015-07-15 00:00:00.007000
864895104,又不是真的爱,2002-11-01 00:00:00
17100097,Don't Cry (Edit),2003-03-01 00:00:00
1294675429,还有我,2013-01-15 00:00:00.007000
433615735,Meltdown,2000-02-29 00:00:00.007000
546430188,Aft # 21,2016-05-29 00:00:00.007000
442643729,나비잠 (Sweet Dream) (Inst.),2016-11-19 00:00:00
37797397,Don't You Know,2010-06-01 00:00:00.007000
549301675,Wanderer (Original Mix),2016-03-23 20:08:31.530000
458052626,晚点遇见你，余生都是你,2017-02-05 16:39:27.238000
505994917,早知,1999-12-01 00:00:00
442249670,小庆扬,2004-12-01 00:00:00
488293784,夜的钢琴曲二十四,2009-06-06 00:00:00
403238656,绝世,2004-07-30 00:00:00
455348950,狂想曲,2011-06-30 00:00:00
551909202,我们,2008-01-21 00:00:00
420119418,Summertime Sadness,2012-06-22 00:00:00.007000
466267266,爱得真爱得深,2016-01-15 16:16:32.945000
39878404,像梦一样自由,2011-03-23 00:00:00
26913157,Let's Get Bleeped Tonight (Don Rimini Still Kill Remix),2009-09-17 00:00:00.007000
1295943251,Cooler Than Me,2012-03-05 00:00:00.007000
461191950,需要你,2010-02-02 00:00:00
457901402,Could It Be (Nebudem ztrácet cas),2007-12-17 00:00:00.007000
438570635,Sugar Free,2014-09-11 00:00:00.007000
417493766,原来你什么都不想要 (Live) (第三名),2015-12-13 11:10:47.769000
36306807,会长大的幸福,2009-05-29 00:00:00
1306140472,祈りの歌,2002-01-01 00:00:00.004000
511838687,等我回家,2013-10-08 00:00:00.007000
491723148,A Place Nearby,2008-01-01 00:00:00.007000
451490623,冤家,2010-03-23 00:00:00
546337827,听说爱情回来过,2006-08-01 00:00:00
1355867700,爱我的人和我爱的人,2009-01-01 00:00:00.004000
437698746,男人不该让女人流眼泪,1996-09-06 00:00:00
428727040,Dust And Dirt,2012-04-16 00:00:00
531732846,Beautiful Girls,2015-04-17 00:00:00.007000
1366341831,"Symphony No. 41 in C Major, K. 551, ""Jupiter"": II. Andante cantabile",2008-05-19 00:00:00
1332292682,INTRO. 권지용 (Middle Fingers-Up),2017-06-08 00:00:00.007000
410012391,Like Herod,1997-10-27 00:00:00.007000
433659989,Good Feeling,2012-01-01 00:00:00.004000
27241200,You Haven't Seen the Last of Me (Dave Audé Radio Edit),2010-11-24 00:00:00.007000
485769003,Today's the Day,2015-09-10 00:00:00.007000
40162326,Moonshine,2012-11-19 00:00:00.007000
468204899,Valentine,2017-01-27 00:00:00.007000
432537903,Storming the Guilty,2014-11-04 00:00:00
489668413,美好的昨天,2015-04-14 00:00:00.007000
34591371,Pieces,2008-11-05 00:00:00.007000
491013612,人生的回转木马,2005-02-04 00:00:00
1336827254,I Just Wanna Dance,2016-05-10 23:25:07.576000
464625948,【日语美文】桜の木の下に（2）,2017-03-10 21:11:46.435000
463106903,“拝啓○○さん”,2007-08-29 00:00:00.007000
1351110607,Floating Thoughts (feat. Oneira),2014-02-07 00:00:00
479810555,Dream tonight,2011-11-28 00:00:00.007000
482772278,Love Life,2013-10-29 00:00:00.007000
450022110,눈을 감아도,2014-10-20 00:00:00.007000
864502435,LOVE,2017-01-15 00:00:00.007000
549638384,애인이 생기면 하고 싶은 일,2014-01-01 00:00:00.004000
1342481513,ダイスキ[Live Mix],2016-12-23 00:00:00.007000
474062725,もう10日目か,2011-02-23 00:00:00
430487683,Love You Like A Love Song,2011-07-04 00:00:00
447596594,Once Upon a Rainy Day,2016-03-03 12:29:47.226000
1334209985,All I Want,2015-11-27 00:00:00.007000
30761547,A Taste Of Honey,1992-01-01 00:00:00.004000
528028955,呦叻,2013-02-24 00:00:00.007000
1329600602,"Tam Daleko, Tam Za Mořem",1999-11-22 00:00:00.007000
473528024,Sunshine Girl (English Version),2012-02-13 00:00:00
465028528,20170311狐说-《失物之书》推荐,2017-03-12 01:09:20.667000
37377216,不動要塞,2012-09-26 00:00:00.007000
1340036,Passion,2010-05-25 00:00:00.007000
1375533974,胡笳十八拍 据《五知斋琴谱》,2007-06-23 00:00:00
412166603,礼物,2006-07-01 00:00:00
487518870,梦仍是一样,1993-12-01 00:00:00
35959521,Magia,2013-12-25 00:00:00.007000
492376581,等你一万年,1998-01-01 00:00:00
424993823,想对你说,2013-03-29 00:00:00.007000
481343080,九月,1999-01-01 00:00:00
566863588,Aquellos Ojitos Verdes,2015-03-24 00:00:00.007000
508442697,Kabus,2006-03-07 00:00:00.007000
